,unique_id,radius,pre_buf_r,pre_buf_x0,pre_ring_r,pre_ring_x0,post_buf_r,post_buf_x0,post_ring_r,post_ring_x0,total_ring_r,total_ring_x0,buff_diff_growth,ring_diff_growth,ring_buff_diff
0,AGO1,10000,0.1310318344,4.69E-104,0.1185954126,1.29E-94,0.01524677345,1.15E-09,0.03734865406,1.33E-28,0.1200077696,1.05E-95,-0.1157850609,-0.08124675849,-0.03453830244
1,ARG1,10000,0.001376525272,665.4708253,0.01483392819,1.28E-09,0.01140060489,1.63E-06,0.01533820003,4.81E-10,0.01583822149,1.79E-10,0.01002407962,0.0005042718422,0.009519807781
3,ARG3,10000,0.04634191587,3.84E-36,0.02109665878,7.00E-15,0.02168099219,2.05E-15,0.01554559259,3.69E-10,0.01556301305,3.57E-10,-0.02466092368,-0.005551066196,-0.01910985749
4,ARG4,10000,0.05638739791,1.71E-44,0.04157218178,1.58E-32,0.02557110457,7.50E-19,0.02636529352,7.62E-20,0.01922792855,9.57E-14,-0.03081629335,-0.01520688825,-0.01560940509
5,ARG5,10000,0.05599494378,6.22E-44,0.04111679615,8.07E-32,0.02479520781,6.00E-18,0.02755336226,1.85E-20,0.02756540958,1.81E-20,-0.03119973597,-0.0135634339,-0.01763630207
6,ARG6,10000,0.0127858621,4.61E-08,0.08112235868,6.50E-65,0.04048828032,1.99E-31,0.04436914905,7.52E-35,0.05498185883,1.11E-43,0.02770241822,-0.03675320963,0.06445562785
7,ARG9,10000,0.03677548331,3.89E-28,0.02613781158,2.32E-19,0.02832473023,4.29E-21,0.0294658336,3.04E-22,0.02003992268,3.32E-14,-0.008450753081,0.003328022024,-0.0117787751
9,BEN1,10000,0.08119997176,2.51E-65,0.04405344616,9.99E-35,0.03815922604,6.78E-30,0.005831978077,0.03950561944,0.03948129387,6.48E-31,-0.04304074573,-0.03822146808,-0.004819277647
10,BGD1,10000,0.02853289638,4.07E-21,0.03733033426,1.04E-28,0.01992523575,7.94E-14,0.04065433759,1.47E-31,0.03083238588,2.89E-23,-0.008607660624,0.003324003331,-0.01193166396
11,BGD11,10000,0.01003697064,1.10E-05,0.00935643576,3.94E-05,0.07881744524,3.18E-63,0.06569813664,1.41E-52,0.01863523216,4.45E-13,0.0687804746,0.05634170088,0.01243877372
13,BGD3,10000,0.01995372008,3.36E-14,0.03630997726,2.21E-28,0.01885105696,2.75E-13,0.04476559994,1.68E-35,0.03595781751,4.16E-28,-0.001102663118,0.008455622672,-0.00955828579
14,BGD4,10000,0.06146645866,7.95E-49,-0.04790081713,1.04E+46,0.04775356017,1.78E-37,0.03953694835,1.08E-30,0.04010818269,3.59E-31,-0.01371289849,0.08743776548,-0.101150664
16,BGD5,10000,0.03683388349,1.28E-28,0.03433690393,7.13E-27,0.03092886655,9.75E-24,0.04989558761,5.54E-40,0.02964129536,5.78E-23,-0.005905016938,0.01555868368,-0.02146370062
17,BGD6,10000,0.005956344656,0.06258557389,0.004124013778,1.344040944,0.04204246457,1.11E-32,0.0466697308,8.17E-37,0.01458588881,1.34E-09,0.03608611991,0.04254571703,-0.006459597116
19,BGD8,10000,0.03303482899,1.09E-25,0.01492841001,2.05E-10,0.03061647907,1.02E-23,0.04267871838,5.92E-34,0.02326867764,1.54E-17,-0.002418349914,0.02775030837,-0.03016865829
21,BLZ1,10000,0.07137693729,3.44E-57,0.06284968294,1.61E-50,0.02687091541,2.37E-20,0.03153696121,1.65E-24,0.04257112037,8.41E-34,-0.04450602188,-0.03131272173,-0.01319330015
22,BLZ2,10000,0.07038161837,4.91E-56,0.1223624938,4.32E-97,0.011674029,3.82E-07,0.01674448726,1.61E-11,0.01837668263,6.43E-13,-0.05870758937,-0.1056180065,0.04691041712
27,BOL5,10000,0.2529583613,5.35E-193,0.08356661825,6.63E-67,0.08687935732,6.22E-70,0.04260886503,1.38E-33,0.03973727284,3.52E-31,-0.1660790039,-0.04095775322,-0.1251212507
33,CHN1,10000,0.02588472892,4.87E-19,0.07175448176,1.49E-57,0.0297069054,2.84E-22,0.07489712741,3.70E-60,0.06567942506,1.26E-52,0.003822176478,0.003142645644,0.0006795308336
34,CHN10,10000,0.08322297273,9.87E-67,0.07200761215,9.71E-58,0.06753111091,5.40E-54,0.06650490234,2.76E-53,0.06544732137,2.05E-52,-0.01569186181,-0.005502709805,-0.01018915201
35,CHN12,10000,0.08195820557,2.34E-65,0.06161973531,1.04E-48,0.03290404401,6.93E-25,0.01916030592,3.85E-13,0.04392521208,4.03E-34,-0.04905416156,-0.04245942938,-0.006594732176
36,CHN13,10000,0.04614581716,1.20E-35,0.06336565344,5.95E-50,0.006863432769,0.02115286878,0.01864972234,1.35E-12,0.03317628205,5.80E-25,-0.03928238439,-0.0447159311,0.005433546711
37,CHN17,10000,0.1552146668,3.98E-122,0.1195145696,7.43E-95,0.0327293835,1.25E-24,0.03477140823,2.20E-26,0.06508948771,1.33E-51,-0.1224852833,-0.08474316135,-0.03774212191
38,CHN20,10000,0.01392323774,2.67E-09,0.00810851214,9.79E-05,0.06738488326,6.41E-54,0.09688669267,4.52E-78,0.07204925388,4.55E-58,0.05346164551,0.08877818052,-0.03531653501
39,CHN22,10000,0.110954292,1.96E-88,0.09711175166,1.12E-77,0.03871146023,7.94E-30,0.03946998919,1.15E-30,0.07029394152,3.37E-56,-0.07224283174,-0.05764176247,-0.01460106927
40,CHN23,10000,0.08425258911,2.90E-67,0.05050327008,9.89E-40,0.01928844976,2.58E-13,0.01536637614,4.84E-10,0.04159530526,2.49E-32,-0.06496413935,-0.03513689393,-0.02982724541
42,CHN26,10000,0.09313768667,1.05E-74,0.076367681,2.55E-61,0.07639058026,2.86E-61,0.07208640026,6.83E-58,0.06846581509,6.29E-55,-0.01674710641,-0.004281280743,-0.01246582567
43,CHN28,10000,0.08124543892,1.39E-64,0.09056968243,3.30E-72,0.02192612367,2.03E-15,0.03802339691,4.26E-29,0.07664863827,5.18E-61,-0.05931931525,-0.05254628552,-0.006773029725
44,CHN3,10000,0.09165148593,1.02E-72,0.07579237375,4.15E-60,0.006563771323,0.03227829397,0.0122496365,3.67E-07,0.03450814594,3.70E-26,-0.08508771461,-0.06354273725,-0.02154497736
45,CHN31,10000,0.09036081984,4.24E-72,0.08232506822,6.59E-66,0.03204825296,3.35E-24,0.04942124312,5.60E-39,0.07198618148,1.44E-57,-0.05831256689,-0.0329038251,-0.02540874178
46,CHN33,10000,0.1206781943,7.35E-96,0.08029764201,5.37E-64,0.02141361668,4.56E-15,0.02460192698,7.18E-18,0.05678516019,6.80E-45,-0.09926457764,-0.05569571502,-0.04356886262
47,CHN36,10000,0.08935850888,5.25E-71,0.1181907584,4.61E-94,0.004654668939,1.442475111,0.02436576656,1.02E-17,0.07458309948,1.55E-59,-0.08470383994,-0.09382499182,0.009121151879
48,CHN37,10000,0.06776991339,1.31E-53,0.07498470738,1.68E-59,0.02013037789,6.65E-14,0.02245716786,6.59E-16,0.04466200751,1.14E-34,-0.04763953549,-0.05252753952,0.004888004024
49,CHN38,10000,0.1094077604,6.50E-87,0.1039705536,1.03E-82,0.01251500639,2.50E-07,0.01522571889,1.09E-09,0.06569692181,4.36E-52,-0.096892754,-0.0887448347,-0.008147919301
50,CHN39,10000,0.07781287393,8.36E-62,0.06181589997,7.24E-49,0.01353896219,2.89E-08,0.01742475222,1.22E-11,0.04477090977,8.14E-35,-0.06427391175,-0.04439114775,-0.019882764
51,CHN40,10000,0.09372605967,1.95E-74,0.08592984685,2.62E-68,0.01483052303,2.32E-09,0.01785199089,5.47E-12,0.04328779286,1.52E-33,-0.07889553663,-0.06807785595,-0.01081768068
52,CHN41,10000,0.05512664236,2.06E-43,0.04474012339,8.86E-35,0.02965337826,3.86E-22,0.02767771801,1.79E-20,0.03184303572,5.29E-24,-0.0254732641,-0.01706240539,-0.00841085871
53,CHN42,10000,0.06831968598,4.79E-54,0.05400310487,2.25E-42,0.01689083863,4.00E-11,0.01699361134,2.94E-11,0.03411396143,7.69E-26,-0.05142884734,-0.03700949354,-0.01441935381
54,CHN45,10000,0.0822915615,2.00E-65,0.07105069236,2.17E-56,0.01453204084,4.46E-09,0.01969813703,1.49E-13,0.05235944043,4.18E-41,-0.06775952066,-0.05135255534,-0.01640696532
55,CHN46,10000,0.1513779917,2.74E-119,0.08352461453,1.60E-66,0.01960780577,1.99E-13,0.03152847633,1.27E-23,0.06666098114,6.95E-53,-0.1317701859,-0.0519961382,-0.0797740477
56,CHN47,10000,0.06814703353,5.05E-54,0.03347952334,1.97E-25,0.03421287992,6.01E-26,0.03993953797,7.33E-31,0.03614339317,1.15E-27,-0.03393415361,0.006460014634,-0.04039416824
57,CHN49,10000,0.02217276876,1.12E-15,0.03590749357,2.26E-27,0.01809719606,3.33E-12,0.03311991542,4.75E-25,0.03132987989,1.57E-23,-0.004075572696,-0.002787578144,-0.001287994553
58,CHN50,10000,0.07337429738,1.79E-58,0.05330895716,5.40E-42,0.02150088386,2.96E-15,0.01299461411,5.04E-08,0.03130754356,1.12E-23,-0.05187341352,-0.04031434304,-0.01155907048
59,CHN51,10000,0.1052610904,8.71E-84,0.09131443065,5.31E-73,0.02785001241,1.32E-20,0.04497098333,3.12E-35,0.06522137378,5.36E-52,-0.07741107797,-0.04634344732,-0.03106763065
60,CHN53,10000,0.1242822024,1.36E-98,0.06624511311,1.27E-52,0.04578295503,1.07E-35,0.05982867298,2.13E-47,0.05882539485,1.44E-46,-0.07849924736,-0.006416440125,-0.07208280723
61,CHN55,10000,0.1161806419,1.61E-92,0.1092226239,4.75E-87,0.03919324651,3.43E-30,0.03202258324,3.61E-24,0.07871261941,7.72E-63,-0.07698739538,-0.07720004067,0.0002126452951
62,CHN57,10000,0.1266607033,1.76E-100,0.08689768938,3.60E-69,0.01991830287,9.50E-14,0.01782559033,5.76E-12,0.05613269052,3.01E-44,-0.1067424004,-0.06907209905,-0.03767030139
63,CHN58,10000,0.08724047381,3.07E-69,0.05599211376,4.52E-44,0.01970303212,1.67E-13,0.03178395028,6.85E-24,0.04199095062,1.73E-32,-0.0675374417,-0.02420816349,-0.04332927821
64,CHN6,10000,0.05884318275,3.36E-46,0.1029376841,8.55E-82,0.01049092872,1.46E-05,0.01984142663,1.20E-13,0.05269431891,2.43E-41,-0.04835225404,-0.08309625745,0.03474400341
65,CHN62,10000,0.05024204697,2.75E-39,0.07846297007,1.59E-62,0.004406359538,1.769473894,0.002826121308,28.59741196,0.03136052477,8.93E-24,-0.04583568743,-0.07563684876,0.02980116133
66,CHN64,10000,0.09085937327,1.64E-72,0.06847953035,1.15E-54,0.04410772059,2.53E-34,0.05326639956,4.24E-42,0.0717424032,2.68E-57,-0.04675165268,-0.01521313079,-0.03153852189
67,CHN8,10000,0.08465039676,1.83E-67,0.06540263055,4.02E-52,0.03321449555,3.54E-25,0.03043748327,4.98E-23,0.05233724048,2.11E-41,-0.05143590122,-0.03496514728,-0.01647075394
68,CIV2,10000,0.06798209821,1.33E-54,0.05681564167,7.34E-46,0.08703946468,4.45E-70,0.1197463551,2.21E-96,0.06694191366,3.61E-54,0.01905736647,0.06293071345,-0.04387334698
77,COL10,10000,0.004019497745,5.855083941,0.0007546564013,3699.086007,-0.001039435668,159217.5499,0.009141441178,0.0001938259881,0.00281957089,59.98740941,-0.005058933413,0.008386784777,-0.01344571819
78,COL11,10000,0.003640122773,9.155403286,0.005316544692,0.2930028565,0.01846249683,1.50E-12,0.01267144148,1.29E-07,0.007744525783,0.002359269897,0.01482237406,0.007354896786,0.007467477275
79,COL12,10000,0.01091712961,5.11E-06,0.02695362841,4.68E-20,0.01026570857,1.87E-05,0.0167231463,2.39E-11,0.02097400104,5.49E-15,-0.0006514210361,-0.01023048211,0.009579061078
80,COL14,10000,0.008281925957,5.05E-05,0.05071618766,1.45E-41,0.1836476793,5.49E-145,0.2778720893,1.79E-212,0.09314089564,6.13E-76,0.1753657534,0.2271559017,-0.05179014831
81,COL17,10000,0.01268464726,1.32E-07,0.009800891642,2.82E-05,0.0262653896,3.09E-19,0.04264725316,3.09E-33,0.01544622089,4.06E-10,0.01358074234,0.03284636152,-0.01926561918
82,COL18,10000,0.03718653181,6.17E-29,0.01528217869,2.90E-10,0.05885693919,5.67E-47,0.03923871111,1.21E-30,0.01858464313,4.39E-13,0.02167040738,0.02395653241,-0.002286125034
84,COL20,10000,0.01366762091,1.75E-08,0.03079314032,1.11E-23,0.03442940271,3.30E-26,0.04848920899,1.48E-38,0.03348653112,6.00E-26,0.0207617818,0.01769606867,0.003065713134
85,COL21,10000,0.008545002791,0.000569368899,0.01124378117,2.22E-06,0.01613859716,1.60E-10,0.01763610569,6.90E-12,0.01213737355,3.79E-07,0.007593594369,0.006392324527,0.001201269842
86,COL23,10000,0.01348718313,9.52E-09,0.01150824763,5.62E-07,-8.48E-06,4660.686271,0.008494658039,0.0002187001677,0.009795521485,1.67E-05,-0.01349566281,-0.003013589587,-0.01048207322
87,COL24,10000,0.0238903634,1.09E-17,0.01139437669,2.09E-07,0.02467348788,2.32E-18,0.05545253016,1.63E-44,0.03475792552,3.13E-27,0.0007831244834,0.04405815346,-0.04327502898
88,COL25,10000,0.04511528075,2.31E-35,0.03734538326,6.19E-29,0.01452016403,1.77E-09,0.00452746371,0.6868525599,0.02733072825,1.63E-20,-0.03059511672,-0.03281791955,0.002222802829
89,COL26,10000,0.02369884769,1.88E-17,0.02193531943,2.62E-16,0.05972584963,1.06E-47,0.1226965729,1.64E-98,0.03275863078,1.86E-25,0.03602700194,0.1007612535,-0.06473425153
90,COL27,10000,0.009103602101,9.52E-05,0.02269619528,1.14E-16,0.02831640662,3.15E-21,0.05937543222,1.70E-47,0.02453800288,3.11E-18,0.01921280452,0.03667923694,-0.01746643242
91,COL3,10000,0.01834918126,1.62E-12,0.009628660481,4.38E-05,0.01992521757,6.84E-14,0.01823359868,1.54E-12,0.006205464856,0.03855450416,0.00157603631,0.0086049382,-0.007028901889
92,COL4,10000,0.07036492541,1.31E-55,0.04295262999,3.31E-33,0.008215355685,0.0009971010581,0.00252290424,67.3094897,0.008319031854,0.0006236193391,-0.06214956972,-0.04042972575,-0.02171984397
93,COL5,10000,0.003026558028,17.36664708,0.03376790327,1.50E-25,0.01313238942,4.64E-08,0.0110770638,2.93E-06,0.01397539309,9.29E-09,0.0101058314,-0.02269083947,0.03279667087
95,COL7,10000,-0.0419344473,1.43E+41,0.07649338805,1.50E-60,0.01014036996,2.07E-05,0.01125160904,1.74E-06,0.01082941869,4.03E-06,0.05207481726,-0.06524177901,0.1173165963
96,COL8,10000,0.04530603429,1.40E-35,0.03707388506,9.11E-29,0.02767040316,8.92E-21,0.02248985052,1.92E-16,0.02899001757,5.66E-22,-0.01763563113,-0.01458403454,-0.003051596589
97,COL9,10000,0.03263862238,1.28E-24,0.01971256621,7.98E-14,0.02115010394,7.08E-15,0.01137467881,1.08E-06,0.01367922236,1.13E-08,-0.01148851843,-0.008337887401,-0.003150631034
98,CRI1,10000,0.01470981698,2.54E-09,0.01338079393,2.82E-08,0.01959920786,1.60E-13,0.01767784184,5.64E-12,0.01353130157,2.09E-08,0.004889390884,0.004297047911,0.0005923429732
99,CRI12,10000,0.006004898718,0.1102992374,0.01188688327,6.29E-07,0.004472805413,2.416213828,0.006021669697,0.07428259874,0.01033315556,1.36E-05,-0.001532093304,-0.005865213577,0.004333120272
100,CRI15,10000,0.001956820476,421.5274981,0.01896767405,5.72E-13,0.005534943611,0.3231479703,0.01454895975,3.28E-09,0.01339666772,3.25E-08,0.003578123135,-0.004418714294,0.007996837429
104,CRI5,10000,0.0129685002,7.58E-08,0.01351233574,1.71E-08,0.01837517415,1.73E-12,0.01648726046,4.81E-11,0.0147540959,1.48E-09,0.00540667395,0.002974924726,0.002431749224
105,CRI7,10000,0.01165030414,1.26E-06,0.01142831242,1.41E-06,0.02486409847,5.44E-18,0.03818799544,1.94E-29,0.0121195175,3.59E-07,0.01321379433,0.02675968302,-0.0135458887
106,CRI9,10000,0.009826414009,6.59E-05,0.02308446983,1.94E-16,0.002400255239,166.6581963,0.008597835172,0.0004687658871,0.0115534163,1.31E-06,-0.00742615877,-0.01448663466,0.007060475887
110,DOM10,10000,0.05621445979,2.99E-44,0.2795823666,1.81E-210,0.01480617935,1.46E-09,0.01624460852,5.70E-11,0.01920075427,1.66E-13,-0.04140828044,-0.2633377581,0.2219294776
111,DOM11,10000,-0.01182260991,200850949134962,-0.012961458,1.75288E+15,0.01528720403,8.55E-10,0.008594703587,0.0003766033529,0.01030222216,1.26E-05,0.02710981393,0.02155616159,0.005553652347
112,DOM13,10000,0.09505291847,8.26E-76,0.09372744643,3.74E-75,0.03144136362,8.42E-24,0.05349389495,1.25E-42,0.059113749,2.84E-47,-0.06361155486,-0.04023355148,-0.02337800338
114,DOM20,10000,0.09260948113,6.10E-74,0.1073526372,4.70E-86,0.02750280719,1.58E-20,0.0587512637,4.11E-47,0.06427080671,1.20E-51,-0.06510667394,-0.04860137354,-0.0165053004
115,DOM28,10000,0.09256766579,2.03E-73,0.09985205784,2.00E-79,0.009521143404,6.86E-05,0.01237571634,1.49E-07,0.0211539688,4.33E-15,-0.08304652239,-0.0874763415,0.004429819108
119,DOM60,10000,0.08820370824,5.36E-70,0.1048825545,2.38E-83,0.008612161309,0.0003947318418,0.01051057153,6.01E-06,0.01756252163,5.11E-12,-0.07959154693,-0.09437198298,0.01478043605
126,EGY4,10000,0.04388428837,5.79E-34,0.07328986971,2.65E-58,0.01868825575,1.01E-12,0.02454137724,6.23E-18,0.03486983727,1.09E-26,-0.02519603262,-0.04874849247,0.02355245985
127,EGY5,10000,0.04876136483,6.95E-38,0.06859030853,2.31E-54,0.009989507463,3.34E-05,0.02343809451,6.94E-17,0.02948035828,5.04E-22,-0.03877185737,-0.04515221401,0.006380356647
128,EGY6,10000,0.1128533821,1.90E-89,0.05670320668,1.52E-44,0.02224606167,1.02E-15,0.02153205555,3.80E-15,0.02921809072,1.08E-21,-0.09060732045,-0.03517115113,-0.05543616932
129,EGY7,10000,0.04111706491,1.50E-31,0.05183964812,1.79E-40,0.003732313977,9.957288272,0.004279189927,3.274206566,0.02398700904,3.47E-17,-0.03738475094,-0.04756045819,0.01017570726
130,EGY8,10000,0.05597014925,6.18E-44,-0.01452321804,2.37E+16,0.01525394078,6.90E-10,0.02518267454,1.78E-18,0.0260959335,2.98E-19,-0.04071620847,0.03970589258,-0.08042210105
134,ETH2,10000,0.05508314218,1.08E-43,0.02872371506,1.31E-21,0.03873062639,5.45E-30,0.0511252361,1.86E-40,0.02980676344,1.60E-22,-0.01635251579,0.02240152104,-0.03875403684
135,ETH3,10000,0.09962012228,3.60E-80,0.2530458324,1.44E-194,0.1116735245,9.98E-90,0.2012005152,7.17E-158,0.2122972857,7.03E-166,0.01205340226,-0.05184531718,0.06389871944
140,ETH8,10000,0.06899245845,3.24E-55,0.03146822062,5.74E-24,0.05976625026,1.23E-47,0.04387415698,2.05E-34,0.03322891838,1.90E-25,-0.009226208194,0.01240593636,-0.02163214455
142,FJI1,10000,0.08457378748,1.75E-67,0.1094750269,1.15E-87,0.01092739024,1.60E-06,0.0263152143,3.14E-20,0.02377769874,4.57E-18,-0.07364639724,-0.08315981258,0.009513415338
143,GHA1,10000,0.02277044795,2.57E-16,0.0654182579,3.68E-52,0.04750718508,4.06E-37,0.07239466341,6.47E-58,0.06018148405,6.57E-48,0.02473673713,0.006976405502,0.01776033163
144,GMB1,10000,0.07685183369,6.24E-62,0.03513611438,1.68E-27,0.05417477809,3.06E-43,0.06184881347,1.36E-49,0.06085979719,8.67E-49,-0.0226770556,0.02671269909,-0.04938975469
147,GUY1,10000,0.124194002,5.68E-99,0.1094479059,1.17E-87,0.04609275375,1.45E-36,0.04577780321,1.87E-36,0.04816458233,1.92E-38,-0.07810124821,-0.06367010269,-0.01443114553
148,GUY2,10000,0.06040552426,8.05E-48,0.1460358026,8.81E-116,0.029047334,8.24E-22,0.04421257955,4.31E-35,0.05240349337,6.55E-42,-0.03135819026,-0.101823223,0.07046503278
150,HND1,10000,0.1602348037,1.16E-126,0.1265536803,3.11E-101,0.03217275576,7.84E-25,0.06306640543,7.76E-51,0.07920923968,5.57E-64,-0.1280620479,-0.06348727489,-0.06457477303
152,HND13,10000,0.1159518887,2.67E-92,0.1789285718,4.45E-140,0.02765605812,8.89E-21,0.03529700034,1.99E-27,0.04689895949,3.73E-37,-0.08829583055,-0.1436315714,0.05533574086
153,HND16,10000,0.06971106799,2.90E-55,0.03810775437,2.35E-29,0.01607001102,1.41E-10,0.01436994073,2.76E-09,0.01682711767,2.14E-11,-0.05364105698,-0.02373781364,-0.02990324334
155,HND3,10000,0.06676131199,6.89E-53,0.03474948023,1.51E-26,0.01554851748,3.89E-10,0.01350241479,1.53E-08,0.01638787464,5.08E-11,-0.05121279451,-0.02124706544,-0.02996572907
157,HND7,10000,0.4969879518,0,-0.08306294614,1.61E+78,0.0529612281,2.85E-42,0.03534787109,1.54E-27,0.03631717714,2.35E-28,-0.4440267237,0.1184108172,-0.5624375409
165,IDN17,10000,0.517154684,0,0.3284495953,5.34E-243,0.05784204117,7.66E-46,0.03026771016,1.00E-22,0.04388905569,3.44E-34,-0.4593126428,-0.2981818852,-0.1611307576
166,IDN18,10000,0.03799508172,5.31E-29,0.04414424686,2.44E-34,0.006471475967,0.04516393091,0.04063353733,2.14E-31,0.04400087294,3.21E-34,-0.03152360575,-0.003510709534,-0.02801289622
167,IDN2,10000,0.03450594822,3.55E-26,0.03481544089,1.74E-26,0.03673515279,4.39E-28,0.03594645191,1.73E-27,0.0286776939,2.48E-21,0.002229204566,0.001131011023,0.001098193543
168,IDN20,10000,0.07711985567,1.65E-61,0.05364276531,2.90E-42,0.06182592239,4.35E-49,0.04431451835,1.41E-34,0.04205633454,1.14E-32,-0.01529393328,-0.009328246957,-0.005965686324
169,IDN21,10000,0.3610732955,9.20E-264,0.2708166054,1.61E-204,0.03327348149,4.22E-25,0.03781494684,4.67E-29,0.04488218566,5.57E-35,-0.3277998141,-0.2330016586,-0.09479815546
171,IDN25,10000,0.05627976747,2.06E-44,0.061741881,4.39E-49,0.03091124375,3.65E-23,0.06047185186,5.20E-48,0.06411444654,5.06E-51,-0.02536852372,-0.001270029141,-0.02409849458
172,IDN26,10000,0.002011818691,54.79051013,0.001949377627,48.39421453,0.05032001349,1.75E-39,0.05603543817,2.03E-44,0.05603543817,2.03E-44,0.0483081948,0.05408606054,-0.005777865743
184,IDN44,10000,0.05245697555,4.58E-42,0.03190367354,6.76E-25,0.1125472598,1.62E-90,0.1097563983,2.11E-88,0.0451843623,5.29E-36,0.06009028423,0.07785272472,-0.01776244049
188,IND1,10000,0.06601444915,5.20E-53,0.0588270242,2.84E-47,0.06028603973,2.14E-48,0.0685840712,2.32E-55,0.05022868464,3.33E-40,-0.005728409421,0.009757047,-0.01548545642
193,IND192,10000,0.02188716707,1.44E-15,0.01112328618,1.72E-06,0.02581907446,7.04E-19,0.03512422555,8.07E-27,0.03399018312,7.31E-26,0.003931907386,0.02400093937,-0.02006903199
194,IND196,10000,0.02324487366,5.80E-17,0.02810341459,2.25E-21,0.0660908727,9.76E-53,0.0649486456,3.96E-52,0.0338745761,3.02E-26,0.04284599904,0.03684523102,0.006000768023
195,IND198,10000,0.08273271947,4.54E-66,0.0814969103,3.00E-65,0.03218799162,1.83E-24,0.03776671738,2.43E-29,0.05506359001,8.89E-44,-0.05054472784,-0.04373019292,-0.006814534924
196,IND202,10000,0.04686573345,4.26E-37,0.02559273769,4.23E-19,0.09310032148,7.71E-75,0.07060007583,1.26E-56,0.03087781421,1.43E-23,0.04623458803,0.04500733814,0.001227249889
200,JDN1,10000,0.03764337627,8.84E-29,0.05339859877,3.68E-42,0.02121847234,6.75E-15,0.0302987753,7.34E-23,0.04043963788,2.05E-31,-0.01642490393,-0.02309982347,0.00667491954
202,JDN3,10000,0.09460093528,3.58E-75,0.04849925329,7.51E-38,0.04017227501,5.67E-31,0.03103485146,2.53E-23,0.02950317571,5.03E-22,-0.05442866027,-0.01746440184,-0.03696425843
203,JDN4,10000,0.156980744,4.30E-124,0.07204661317,8.92E-58,0.06790388204,1.23E-54,0.06963142198,6.29E-56,0.05648368098,4.03E-45,-0.08907686199,-0.002415191185,-0.0866616708
204,KEN1,10000,0.4608985025,0,3.272727273,0,0.0735489801,5.11E-59,0.1106638131,4.88E-89,0.11977795,3.59E-96,-0.3873495224,-3.16206346,2.774713937
208,KOR101,10000,0.06781354103,9.96E-54,0.03611260203,1.44E-27,0.01642002908,8.52E-11,0.01337724214,3.10E-08,0.02630995876,2.57E-19,-0.05139351195,-0.02273535988,-0.02865815207
211,KOR104,10000,0.02550723749,1.72E-18,0.0280430153,1.05E-20,0.002033631552,253.3673246,0.002463712536,90.49459198,0.01737908141,1.19E-11,-0.02347360594,-0.02557930276,0.002105696824
212,KOR105,10000,0.002132578517,69.65629907,0.002135003386,69.99285678,0.02524580921,1.92E-18,0.02330502016,7.93E-17,0.02330502016,7.93E-17,0.02311323069,0.02117001677,0.001943213924
213,KOR106,10000,0.06478421948,3.11E-51,0.03821969984,2.39E-29,0.0005730291201,3686.112847,-0.004410264809,67840203.03,0.009491692582,5.28E-05,-0.06421119036,-0.04262996465,-0.02158122571
215,KOR109,10000,0.01482930116,2.14E-09,0.02284591517,2.43E-16,0.007350228009,0.006285946345,0.006160747045,0.05631849533,0.01987022619,8.24E-14,-0.007479073154,-0.01668516813,0.009206094974
216,KOR11,10000,0.0819051267,4.56E-65,0.04007173241,8.98E-31,0.002101066088,244.2462855,0.01145424351,1.78E-06,0.02599644491,6.02E-19,-0.07980406062,-0.0286174889,-0.05118657171
217,KOR110,10000,0.04038047665,3.59E-31,0.01237627977,2.41E-07,-0.002166998443,1045556.922,-0.006450785687,6054506540,0.009222619538,0.000123507202,-0.0425474751,-0.01882706546,-0.02372040964
218,KOR12,10000,0.01067282517,9.73E-06,0.0151504215,1.08E-09,0.006364465806,0.04861111435,0.0007377437598,3055.335029,0.007885021104,0.001854172904,-0.004308359363,-0.01441267774,0.01010431837
219,KOR14,10000,0.009729771573,6.16E-05,0.02140482632,5.02E-15,-0.0008074652035,88900.61861,0.01495392343,1.51E-09,0.01770153553,7.16E-12,-0.01053723678,-0.006450902896,-0.004086333881
220,KOR16,10000,0.0925645783,2.42E-73,0.1166658561,2.18E-92,0.004738987225,1.212422037,0.006172754498,0.05546419919,0.02046739415,2.68E-14,-0.08782559108,-0.1104931016,0.02266751057
221,KOR17,10000,0.002269291697,91.4056891,0.002187086666,77.62731478,0.01393233586,1.28E-08,0.02076751911,1.52E-14,0.02076751911,1.52E-14,0.01166304416,0.01858043245,-0.006917388286
222,KOR179,10000,0.1319759217,2.34E-104,0.1433072915,7.87E-113,0.01060410483,4.95E-06,0.003087258371,20.39594014,0.01175044887,6.35E-07,-0.1213718169,-0.1402200331,0.01884821628
223,KOR2,10000,0.09865238424,2.34E-78,0.1035637407,2.34E-82,0.01430144522,4.68E-09,0.01076089442,3.82E-06,0.01484849026,1.15E-09,-0.08435093902,-0.09280284632,0.008451907294
224,KOR20,10000,0.1354144897,4.98E-107,0.1172393123,5.02E-93,0.01263414338,9.92E-08,0.008011402568,0.0009757848116,0.02420999765,1.18E-17,-0.1227803463,-0.1092279098,-0.01355243652
225,KOR22,10000,0.05042946343,2.60E-39,0.0601125396,2.10E-47,-0.003697243295,24885100.11,0.006314911724,0.03893776702,0.02224511795,7.50E-16,-0.05412670672,-0.05379762787,-0.0003290788518
228,KOR24,10000,0.1275712739,7.46E-101,0.1329981718,2.07E-105,0.01352617431,1.89E-08,0.03154299663,4.12E-24,0.03420683114,2.31E-26,-0.1140450996,-0.1014551752,-0.01258992438
229,KOR26,10000,0.05587326195,8.25E-44,0.0796252704,3.72E-63,0.007568902065,0.003785199795,0.004099288643,3.54252632,0.01952599871,1.72E-13,-0.04830435988,-0.07552598175,0.02722162187
230,KOR27,10000,0.1765574616,1.00E-137,0.1333208684,1.55E-105,0.02151946208,3.22E-15,0.01965519555,7.29E-14,0.03175483202,3.67E-24,-0.1550379995,-0.1136656728,-0.04137232669
231,KOR29,10000,0.114172491,1.86E-90,0.09770610446,1.33E-77,0.000835437115,2142.472503,0.004500086888,1.277108389,0.01598117621,1.53E-10,-0.1133370539,-0.09320601757,-0.02013103635
232,KOR30,10000,0.05990552033,4.71E-47,0.06309385875,9.34E-50,0.002354472712,141.0014182,0.00461926898,1.30338732,0.01838199344,1.71E-12,-0.05755104762,-0.05847458977,0.000923542151
233,KOR31,10000,0.02716046881,3.59E-20,0.021479592,2.45E-15,-0.0175052367,2.33E+19,-0.0267368859,4.06E+27,0.01126225265,1.32E-06,-0.04466570551,-0.0482164779,0.003550772399
235,KOR324,10000,0.09653492307,1.05E-76,0.05848444926,4.16E-46,0.002409061828,90.46975438,-0.003869272918,22462901.07,0.009725932756,3.27E-05,-0.09412586124,-0.06235372218,-0.03177213906
237,KOR35,10000,0.01771710161,3.82E-12,0.03437616476,9.63E-27,0.0419828509,1.04E-32,0.04233615732,1.71E-33,0.02832280133,1.17E-21,0.02426574928,0.007959992558,0.01630575672
238,KOR350,10000,0.08476320369,1.53E-67,0.06992983494,1.69E-55,0.04282874659,3.43E-33,0.02934464488,7.11E-22,0.03517843255,8.30E-27,-0.0419344571,-0.04058519006,-0.001349267035
239,KOR360,10000,0.08603355002,2.34E-68,0.03315281525,5.23E-25,0.009133220311,0.000192550832,0.01617392682,1.37E-10,0.02341130808,8.70E-17,-0.07690032971,-0.01697888843,-0.05992144128
241,KOR38,10000,0.006380467255,0.01625386326,0.009248354707,5.07E-05,0.04074351241,9.64E-32,0.005828306825,0.04555106225,0.007353058263,0.002171432238,0.03436304516,-0.003420047882,0.03778309304
242,KOR4,10000,0.1174498022,3.93E-93,0.1282662993,1.16E-101,0.01908692735,3.63E-13,0.03341425561,1.98E-25,0.04942022597,7.56E-39,-0.09836287489,-0.0948520437,-0.003510831195
243,KOR41,10000,0.07533684528,9.10E-60,0.08139177889,1.01E-64,0.008542643232,0.0004654038433,0.006151250209,0.04570469399,0.0248752462,3.62E-18,-0.06679420205,-0.07524052869,0.008446326636
244,KOR42,10000,0.05847243472,4.99E-46,0.04950612998,1.34E-38,0.01164690434,1.14E-06,0.009338636083,0.0001121800281,0.02161025257,3.14E-15,-0.04682553038,-0.04016749389,-0.006658036487
245,KOR427,10000,0.1125160737,5.34E-89,0.08966542751,3.46E-71,0.01182542285,8.75E-07,0.01854672994,1.21E-12,0.02140192557,4.36E-15,-0.1006906509,-0.07111869757,-0.02957195331
246,KOR44,10000,0.06798086264,5.01E-54,0.07171831866,2.97E-57,0.0003125512068,3677.230969,-0.001796346669,165732.8548,0.01759891377,2.60E-12,-0.06766831143,-0.07351466533,0.005846353898
247,KOR45,10000,0.09148035034,6.16E-73,0.08949538167,1.43E-71,0.005562749792,0.1082861001,0.02097104076,3.44E-15,0.03078720538,1.54E-23,-0.08591760054,-0.06852434091,-0.01739325963
248,KOR46,10000,0.06759273905,1.60E-53,0.06073894579,5.34E-48,0.007840463598,0.001847882979,0.005351925168,0.2069757602,0.01870160112,6.28E-13,-0.05975227545,-0.05538702062,-0.004365254828
249,KOR48,10000,0.1026251068,2.79E-81,0.1575196086,1.13E-123,0.009120092528,0.0001912282348,0.01796432477,2.99E-12,0.03127306818,1.37E-23,-0.0935050143,-0.1395552838,0.04605026952
250,KOR5,10000,0.06612847305,2.41E-52,0.05886988277,2.35E-46,0.002365823764,130.0849563,-0.003663949845,24180469.23,0.02806352795,9.91E-21,-0.06376264929,-0.06253383261,-0.001228816679
251,KOR51,10000,0.06272770491,6.76E-50,0.02866778803,1.05E-21,0.03113239589,1.36E-23,0.01534181782,2.46E-10,0.02379613273,1.39E-17,-0.03159530902,-0.01332597021,-0.01826933881
252,KOR52,10000,0.04210651529,1.23E-32,0.02574172038,4.29E-19,0.01825052373,1.84E-12,0.01543274679,2.68E-10,0.02048280464,1.24E-14,-0.02385599156,-0.01030897359,-0.01354701797
253,KOR53,10000,0.09697566975,6.74E-77,0.08201343097,2.32E-65,0.01128912453,2.13E-06,0.02798887207,6.42E-21,0.03199149983,2.60E-24,-0.08568654523,-0.0540245589,-0.03166198632
254,KOR54,10000,0.07258496597,8.40E-58,0.06495628552,8.07E-52,0.005630120474,0.09492375584,0.030083166,5.89E-23,0.03039661824,3.32E-23,-0.0669548455,-0.03487311952,-0.03208172598
255,KOR55,10000,0.06282054601,1.96E-49,0.05616298947,4.50E-44,6.14E-05,13276.61216,0.0006675830166,3184.716192,0.009448448664,7.51E-05,-0.06275913932,-0.05549540645,-0.007263732865
256,KOR56,10000,0.185326324,5.67E-144,0.1175373582,3.90E-93,0.00638398364,0.03608200342,0.01116618293,1.94E-06,0.01609826452,1.10E-10,-0.1789423404,-0.1063711753,-0.07257116508
257,KOR57,10000,0.08759021529,1.47E-69,0.05772641953,1.76E-45,0.009978265693,2.44E-05,0.004229216888,1.908038629,0.0114911522,9.78E-07,-0.07761194959,-0.05349720264,-0.02411474695
259,KOR59,10000,0.06649445627,1.28E-52,0.03492193002,1.82E-26,-0.004496995117,146530239.1,0.002214243587,192.9352112,0.02638377721,2.84E-19,-0.07099145139,-0.03270768643,-0.03828376495
261,KOR60,10000,0.01205397071,6.21E-07,0.01652077459,8.63E-11,0.00303358329,40.10087833,-0.004524203219,152327670.4,0.01035222521,1.66E-05,-0.00902038742,-0.02104497781,0.01202459039
262,KOR61,10000,0.06313103659,6.55E-50,0.04439302223,2.15E-34,0.007274186229,0.006620322886,0.007058057541,0.01058065055,0.02471595708,6.92E-18,-0.05585685036,-0.03733496469,-0.01852188567
265,KOR7,10000,0.02547450643,1.85E-18,0.02667219189,1.61E-19,0.0133596036,3.83E-08,0.008996411418,0.0002058338074,0.01574187601,3.13E-10,-0.01211490283,-0.01767578047,0.005560877644
266,KOR70,10000,0.06120894495,2.45E-48,0.06301572783,7.44E-50,-0.003868544277,34559089.97,0.002635358378,64.7445546,0.03505869358,1.01E-26,-0.06507748923,-0.06038036945,-0.00469711978
267,KOR72,10000,0.05301905283,9.95E-42,0.06508556343,5.78E-52,-0.009187638714,996266565078,-0.004645704539,49613694.21,0.02604268585,1.48E-19,-0.06220669155,-0.06973126797,0.007524576417
268,KOR73,10000,0.1295168214,2.06E-102,0.1036629289,1.42E-82,0.01151715985,9.36E-07,0.01174396521,3.59E-07,0.01678218706,1.66E-11,-0.1179996615,-0.09191896366,-0.02608069785
270,KOR76,10000,0.002103831647,65.78753681,0.002061871173,60.52272301,0.02999015736,1.65E-22,0.03106815486,1.76E-23,0.03106815486,1.76E-23,0.02788632572,0.02900628369,-0.001119957974
271,KOR77,10000,0.07161759271,7.35E-57,0.06009948172,1.73E-47,0.005474655862,0.2207348075,0.002939358928,32.53285079,0.0324701933,1.44E-24,-0.06614293685,-0.0571601228,-0.00898281405
273,KOR79,10000,0.1162820147,2.54E-92,0.05422803121,1.17E-42,0.02929554626,8.76E-22,0.01480738842,1.65E-09,0.02975612,2.79E-22,-0.08698646846,-0.0394206428,-0.04756582566
275,KOR80,10000,0.05678558506,2.16E-44,0.04237839337,1.53E-32,0.005127189285,0.6019257178,0.008624570799,0.0005226948717,0.01079538141,6.94E-06,-0.05165839577,-0.03375382257,-0.0179045732
276,KOR81,10000,0.05843213141,5.41E-46,0.05788515444,1.42E-45,0.00331805052,17.69099214,0.002735217286,47.0247423,0.01697076737,2.31E-11,-0.05511408089,-0.05514993715,3.59E-05
277,KOR82,10000,0.01412129213,8.51E-09,0.01749038975,7.97E-12,0.0002771220106,8833.633259,-0.003780387063,23556226.22,0.0151660664,7.72E-10,-0.01384417012,-0.02127077681,0.007426606693
278,KOR83,10000,0.07452348627,5.50E-59,0.05526239737,2.53E-43,0.001094461287,1792.650427,-0.001318698583,202532.294,0.01567480702,3.74E-10,-0.07342902498,-0.05658109595,-0.01684792903
279,KOR84,10000,0.04513165466,5.69E-35,0.04782859535,2.76E-37,-0.009270232752,2117284844692,-0.009510868588,2824173807383,0.02011094582,5.14E-14,-0.05440188741,-0.05733946394,0.002937576524
280,KOR86,10000,0.009915202122,2.71E-05,0.01667740004,3.50E-11,0.01600960137,1.49E-10,-0.004437009068,66233213.76,0.00642544401,0.02192689133,0.006094399244,-0.02111440911,0.02720880835
281,KOR87,10000,0.04408313917,4.45E-34,0.04055775112,3.47E-31,0.005166696468,0.4304229051,0.004090229766,3.210062805,0.01010323652,1.97E-05,-0.03891644271,-0.03646752135,-0.002448921356
282,KOR88,10000,0.03019727729,1.07E-22,0.03296306877,4.04E-25,-0.005564794211,668940008,-0.004553051654,65727645.74,0.01380891479,7.07E-09,-0.0357620715,-0.03751612042,0.001754048924
283,KOR9,10000,0.1138617489,3.12E-90,0.03419383175,2.73E-26,0.005667124815,0.1205092406,0.0008216070051,884.7626421,0.007934102622,0.0005815954863,-0.1081946241,-0.03337222475,-0.07482239932
284,KOR90,10000,0.02909097099,9.16E-22,0.03451714576,1.87E-26,-0.00622756664,2512138885,-0.006611269036,3968378384,0.01395506793,4.96E-09,-0.03531853763,-0.0411284148,0.005809877169
285,KOR91,10000,0.1582649305,2.87E-124,0.1006655372,3.46E-80,0.02041273927,2.20E-14,0.01463693151,1.41E-09,0.02590617909,3.22E-19,-0.1378521912,-0.08602860573,-0.05182358548
286,KOR92,10000,0.05484875968,5.05E-43,0.06252925585,1.44E-49,0.006876939414,0.01343925241,-0.007548445669,27790178926,0.01087270083,2.42E-06,-0.04797182026,-0.07007770152,0.02210588125
287,KOR93,10000,0.03854780484,3.97E-30,0.04908069404,8.50E-39,0.1224796275,4.14E-98,0.03405793835,2.94E-26,0.04146960041,1.79E-32,0.08393182266,-0.01502275569,0.09895457834
289,KOR95,10000,0.02515053508,4.19E-18,0.02763413099,2.41E-20,0.005535821458,0.2451783856,0.006612518807,0.02110801497,0.01010662296,2.00E-05,-0.01961471362,-0.02102161218,0.001406898564
290,KOR99,10000,0.04325175789,6.93E-34,0.03801407076,1.59E-29,0.004773048542,0.4392260539,-0.0004024717115,11787.91806,0.02461796039,3.02E-18,-0.03847870935,-0.03841654247,-6.22E-05
291,LKA1,10000,0.1065779105,3.10E-85,0.1021355683,1.15E-81,-0.003501507974,3466959.813,-0.006324727996,1188249694,0.02166123511,6.60E-16,-0.1100794185,-0.1084602963,-0.001619122228
292,LKA10,10000,0.09431510326,2.99E-75,0.09343341223,1.30E-74,-0.01003578879,3519640341083,-0.004148404917,20689413.99,0.01740239332,4.18E-12,-0.104350892,-0.09758181714,-0.006769074906
293,LKA11,10000,0.06815107261,7.35E-55,0.08699874637,1.95E-70,0.001596453537,161.1576512,0.06653254637,6.44E-54,0.0780662539,2.85E-63,-0.06655461907,-0.0204662,-0.04608841907
294,LKA12,10000,0.00663016113,0.03126910825,0.02581690482,7.27E-19,0.0009339609377,2755.233437,-0.008124065189,153359339266,0.01204022918,3.96E-07,-0.005696200192,-0.03394097001,0.02824476982
295,LKA13,10000,0.06534799259,3.02E-52,0.06996163319,5.63E-56,-0.02537216256,9.98E+25,-0.02945735179,4.84E+29,0.02125026754,1.55E-15,-0.09072015515,-0.09941898499,0.008698829831
296,LKA2,10000,0.1125797231,7.34E-90,0.1180227757,4.10E-94,-0.009369114496,537841808452,-0.004407241955,23059012.28,0.02437891529,2.97E-18,-0.1219488376,-0.1224300176,0.0004811800408
297,LKA3,10000,0.1009844187,1.09E-80,0.1118681202,3.13E-89,-0.009147034931,407632728830,-0.006087489544,817219023.3,0.01990900491,2.33E-14,-0.1101314537,-0.1179556097,0.007824156017
300,LKA6,10000,0.1198501038,1.61E-95,0.1266841352,8.42E-101,0.002694443022,16.36723071,0.0001873121224,2313.347834,0.02795823609,2.81E-21,-0.1171556607,-0.126496823,0.009341162298
301,LKA7,10000,0.1063752775,5.14E-85,0.09986550206,6.44E-80,-0.005420278203,196546232.5,0.00354953206,2.621220035,0.02592908124,1.44E-19,-0.1117955558,-0.09631597,-0.01547958575
303,LKA9,10000,-0.01440125295,9.10928E+15,0.0480088074,6.14E-38,0.009065820714,5.05E-05,0.006355591051,0.01051730813,0.01092013103,1.18E-06,0.02346707367,-0.04165321635,0.06512029002
304,LSO1,10000,0.08401466028,5.75E-67,-0.05362318841,3.31E+50,0.02768510902,1.01E-20,0.0645116635,6.52E-52,0.06566698556,7.38E-53,-0.05632955126,0.1181348519,-0.1744644032
305,LSO2,10000,0.1854752729,8.46E-145,0.01731394643,3.22E-13,0.04073255891,5.15E-32,0.09555175641,1.82E-77,0.0904504086,2.16E-73,-0.144742714,0.07823780998,-0.222980524
307,MOZ1,10000,0.08240284958,7.69E-66,0.1014084728,3.84E-81,0.05296887907,8.82E-42,0.07573091457,1.17E-60,0.08055013429,1.46E-64,-0.02943397051,-0.02567755825,-0.003756412259
308,MOZ2,10000,0.03886029622,1.11E-30,0.01480333252,1.02E-10,0.1424671465,1.46E-113,0.3099024487,1.66E-233,0.08122081673,9.18E-66,0.1036068502,0.2950991162,-0.191492266
309,MOZ3,10000,0.03122643707,3.99E-24,0.01857666307,7.30E-15,0.1494713822,8.54E-119,0.3604419139,8.75E-267,0.1699269816,3.87E-135,0.1182449451,0.3418652508,-0.2236203057
310,MOZ4,10000,0.03719464056,1.03E-28,0.09994598801,3.32E-81,0.02833991172,3.65E-21,0.2178701742,6.11E-170,0.1399907367,2.94E-112,-0.008854728842,0.1179241862,-0.126778915
311,MYS1,10000,0.2636751015,6.35E-200,0.1049542067,8.86E-84,0.03469219778,1.88E-26,0.04972352257,3.57E-39,0.06448159685,2.32E-51,-0.2289829037,-0.0552306841,-0.1737522196
314,MYS4,10000,0.1617820147,3.09E-127,0.05620144432,1.59E-44,0.03726426347,1.11E-28,0.02698127561,3.81E-20,0.03481502478,8.93E-27,-0.1245177513,-0.02922016871,-0.09529758255
315,NGA1,10000,-0.009365320642,420030250244,-0.07311342677,2.01E+68,0.0337922989,5.16E-26,0.1269889407,4.17E-102,0.08642796974,4.24E-70,0.04315761955,0.2001023675,-0.1569447479
316,NGA11,10000,0.04231681624,4.10E-33,0.05009167559,1.57E-39,0.03330713742,1.61E-25,0.008895498791,0.0001513522793,0.0466198826,1.20E-36,-0.009009678824,-0.0411961768,0.03218649798
318,NGA13,10000,0.0213427449,5.91E-15,0.07084764634,1.80E-56,-0.01074006349,47282111911235,-0.006925683486,14006435610,0.06003203506,1.18E-47,-0.0320828084,-0.07777332983,0.04569052143
320,NGA3,10000,-0.01558085681,4.31E+17,-0.02927353466,6.65E+29,0.04397238429,2.27E-34,0.0517017117,5.83E-41,-0.02512910761,1.30E+26,0.05955324111,0.08097524635,-0.02142200524
321,NGA32,10000,0.05582938624,1.74E-44,0.09402331353,1.09E-75,-0.005443467672,424564613.2,0.05041058212,4.17E-40,0.09163073229,8.68E-74,-0.06127285392,-0.04361273141,-0.01766012251
322,NGA7,10000,0.004856506596,0.8316562919,0.01539208366,4.44E-10,0.0147801839,2.32E-09,-0.002215485061,892137.1377,0.01552503143,3.44E-10,0.0099236773,-0.01760756872,0.02753124602
324,PAK2,10000,0.05870949033,1.31E-46,0.0577254894,7.38E-46,-0.02842396507,6.94E+28,-0.02961244399,6.81E+29,0.003168008197,6.570457427,-0.0871334554,-0.08733793339,0.0002044779909
325,PAK3,10000,0.05476939281,3.45E-43,0.03918995063,2.96E-30,-0.01168997013,123556507838916,-0.0237850649,6.64E+24,-0.00462263211,70316862.6,-0.06645936294,-0.06297501552,-0.00348434742
326,PAK4,10000,0.004552851186,0.429026553,0.002328394258,37.80191729,0.04912421607,4.12E-39,0.04495879005,1.16E-35,-2.93E-05,4191.46837,0.04457136489,0.04263039579,0.001940969092
329,PHL12,10000,0.1193868047,8.39E-95,0.1075361276,9.09E-86,0.0247145806,4.09E-18,0.02388598859,1.30E-17,0.03463358229,1.03E-26,-0.09467222406,-0.08365013906,-0.011022085
330,PHL13,10000,0.1954500408,9.81E-152,0.1903481983,4.92E-148,0.02609511327,3.10E-19,0.01807204446,1.76E-12,0.03165541003,4.75E-24,-0.1693549276,-0.1722761538,0.002921226252
331,PHL14,10000,0.2413955456,2.30E-184,0.2297574714,2.99E-176,0.01545454006,3.64E-10,0.02392786517,1.77E-17,0.03671665807,2.59E-28,-0.2259410055,-0.2058296063,-0.02011139925
332,PHL15,10000,0.1882188529,3.72E-146,0.165769259,8.21E-130,0.01469272007,2.85E-09,0.0155267703,3.71E-10,0.02959728039,3.61E-22,-0.1735261328,-0.1502424887,-0.02328364416
333,PHL16,10000,0.04385032127,1.13E-34,0.04436476004,2.91E-35,0.03411977282,1.62E-26,0.05239087355,5.58E-42,0.04178060933,4.10E-33,-0.009730548446,0.008026113512,-0.01775666196
334,PHL17,10000,0.1056383668,8.19E-84,0.08292682927,4.91E-66,0.02177603741,2.48E-15,0.02664230691,1.17E-19,0.03043553054,7.06E-23,-0.08386232941,-0.05628452236,-0.02757780705
336,PHL19,10000,0.002137659267,70.36334273,0.00202248098,55.96427432,0.03282906164,9.30E-25,0.03178894205,4.18E-24,0.03178894205,4.18E-24,0.03069140237,0.02976646107,0.0009249413045
337,PHL20,10000,0.1149272141,2.93E-91,0.1499356972,3.83E-118,0.02728542976,3.68E-20,0.02308563735,9.09E-17,0.0316327095,4.98E-24,-0.08764178433,-0.1268500598,0.03920827552
338,PHL21,10000,0.1763727321,8.57E-138,0.2332777703,1.00E-178,0.02909873928,8.75E-22,0.01588516887,1.23E-10,0.02918454412,5.43E-22,-0.1472739928,-0.2173926015,0.07011860865
339,PHL22,10000,0.202842217,2.75E-157,0.1985547236,2.67E-154,0.02973836303,1.56E-22,0.02674105345,3.88E-20,0.04081106532,5.09E-32,-0.173103854,-0.1718136702,-0.001290183834
342,PHL25,10000,0.1305660639,1.97E-103,0.09783857745,4.16E-78,0.01366193058,8.48E-09,0.02417732241,6.10E-18,0.02594517853,1.91E-19,-0.1169041333,-0.07366125504,-0.04324287825
343,PHL26,10000,0.1538424613,1.13E-120,0.1374213357,2.28E-108,0.01054711735,1.10E-05,0.01441867319,3.87E-09,0.02368232518,4.49E-17,-0.1432953439,-0.1230026625,-0.02029268141
345,PHL29,10000,0.03063761635,4.93E-23,0.02269523571,2.64E-16,0.01858321617,7.33E-13,0.01236453708,1.64E-07,0.01146258427,1.01E-06,-0.01205440018,-0.01033069864,-0.00172370154
346,PHL3,10000,0.06713078071,2.48E-53,0.06108597285,1.57E-48,0.033360938,2.80E-25,0.02484228151,3.09E-18,0.0291362427,6.94E-22,-0.03376984271,-0.03624369134,0.002473848637
348,PHL31,10000,0.05317335023,6.31E-42,0.05710404844,3.18E-45,0.02213531227,6.27E-16,0.01771620798,3.03E-12,0.02590327,3.08E-19,-0.03103803796,-0.03938784047,0.008349802507
349,PHL32,10000,0.2513457256,6.03E-191,0.1899350388,1.26E-147,0.01317867289,5.88E-08,0.01901105373,3.44E-13,0.03094656551,2.35E-23,-0.2381670527,-0.1709239851,-0.06724306763
350,PHL33,10000,0.09197194511,6.68E-73,0.06779624543,1.57E-53,0.004244332481,2.663096625,0.005546744366,0.1787819373,0.00925994696,0.0001083263713,-0.08772761263,-0.06224950106,-0.02547811157
351,PHL34,10000,0.3073208595,4.93E-230,0.1510727742,7.96E-120,0.04198172174,3.02E-33,0.05754969874,2.32E-46,0.06447266932,4.67E-52,-0.2653391377,-0.09352307541,-0.1718160623
352,PHL35,10000,0.02131864743,2.65E-15,0.0295368685,1.53E-22,0.04380120898,2.36E-34,0.06464695468,7.38E-52,0.03220471862,8.59E-25,0.02248256154,0.03511008617,-0.01262752463
353,PHL36,10000,0.01445588559,4.91E-09,0.01964421701,1.65E-13,0.00492441916,0.7998235344,0.01491905877,1.66E-09,0.0120782973,4.76E-07,-0.009531466431,-0.004725158243,-0.004806308188
354,PHL37,10000,0.03347923685,2.02E-25,0.07013388535,9.00E-56,0.01813007429,2.19E-12,0.01381792348,7.95E-09,0.02537555289,1.01E-18,-0.01534916256,-0.05631596187,0.04096679931
355,PHL39,10000,0.05616838275,3.29E-44,0.05000225451,2.77E-39,0.02567587258,9.75E-19,0.03219702492,1.86E-24,0.03321564716,2.68E-25,-0.03049251017,-0.0178052296,-0.01268728057
356,PHL4,10000,0.1424480356,2.68E-112,0.1538348261,5.17E-121,0.02486032233,5.06E-18,0.02393546147,2.03E-17,0.03266157922,7.96E-25,-0.1175877133,-0.1298993646,0.01231165136
357,PHL40,10000,0.02183935862,1.52E-15,0.01776512557,3.99E-12,0.01515230834,7.99E-10,0.005460676678,0.1631477205,0.0141961047,4.48E-09,-0.006687050282,-0.01230444889,0.005617398607
358,PHL41,10000,0.01489927647,1.43E-09,0.02220315477,5.34E-16,0.02064986896,1.61E-14,0.01932216346,1.34E-13,0.01369502823,9.54E-09,0.005750592486,-0.002880991309,0.008631583795
359,PHL47,10000,0.06503458328,2.69E-51,0.05078030058,1.29E-39,0.01548598567,6.05E-10,0.005277148536,0.3415284551,0.01191374922,6.18E-07,-0.04954859761,-0.04550315205,-0.004045445567
360,PHL48,10000,0.05069062321,6.79E-40,0.03434560176,2.54E-26,0.04351264783,5.73E-34,0.03201455252,2.18E-24,0.03063459702,3.35E-23,-0.007177975384,-0.002331049243,-0.004846926141
361,PHL49,10000,0.01767407259,1.12E-11,0.03117042282,3.63E-23,0.005267568873,0.4759556643,0.003772386894,8.107793614,0.005720666205,0.164754279,-0.01240650372,-0.02739803593,0.01499153221
362,PHL5,10000,0.165097783,2.46E-129,0.1466835218,1.18E-115,0.02302731623,1.59E-16,0.01907552485,2.43E-13,0.02997119155,1.27E-22,-0.1420704668,-0.127607997,-0.01446246984
363,PHL50,10000,0.04660720089,1.18E-36,0.07181276008,8.19E-58,0.06068563914,2.38E-48,0.1036866873,1.90E-83,0.07390017681,1.67E-59,0.01407843825,0.03187392721,-0.01779548895
364,PHL51,10000,0.04985281597,7.21E-39,0.04880165871,3.83E-38,0.01117434382,2.98E-06,0.02148467886,3.11E-15,0.02565950781,8.69E-19,-0.03867847215,-0.02731697986,-0.0113614923
365,PHL53,10000,0.05774276229,3.04E-46,0.08861432444,2.37E-71,0.05946151656,9.09E-48,0.05621984129,3.01E-45,0.04699278931,1.41E-37,0.001718754268,-0.03239448315,0.03411323742
366,PHL56,10000,0.09890284624,1.61E-78,0.1068037975,6.17E-85,0.02068394885,2.09E-14,0.02751627324,1.98E-20,0.03129947012,1.23E-23,-0.07821889739,-0.07928752423,0.001068626841
368,PHL63,10000,0.03313517034,4.17E-25,0.04024003583,2.33E-31,0.02026116919,3.45E-14,0.0219483179,6.32E-16,0.0309726788,1.37E-23,-0.01287400115,-0.01829171794,0.005417716785
371,PHL70,10000,0.03323903741,2.02E-25,0.02457326037,4.84E-18,0.04723577852,3.02E-37,0.01625532568,5.96E-11,0.02016011929,2.71E-14,0.01399674111,-0.008317934696,0.0223146758
372,PHL8,10000,0.2549567741,1.47E-193,0.1965043559,3.17E-152,0.01438086258,4.57E-09,0.01091683986,4.20E-06,0.02476227383,5.60E-18,-0.2405759116,-0.1855875161,-0.0549883955
373,PHL9,10000,0.1101917017,1.69E-87,0.09087442579,2.05E-72,0.02416784469,1.77E-17,0.01862038493,6.25E-13,0.02953377678,3.13E-22,-0.08602385696,-0.07225404087,-0.01376981609
374,RUS1,10000,0.01207345026,3.55E-07,0.0256574579,6.54E-19,0.02135142082,3.80E-15,0.04579069237,7.02E-36,0.03013412063,1.08E-22,0.009277970564,0.02013323447,-0.01085526391
375,RUS10,10000,0.01556440087,5.58E-11,0.007838332715,0.0002428055059,0.4644349028,0,0.5151503044,0,0.04982494349,8.62E-40,0.4488705019,0.5073119717,-0.05844146982
376,RUS12,10000,0.01176845372,9.15E-08,-0.01598980108,5.04E+16,0.06870226276,9.08E-56,0.7818887167,0,-0.02117367562,1.95E+21,0.05693380904,0.7978785178,-0.7409447087
377,RUS14,10000,0.08162412461,1.81E-65,0.03831399307,6.69E-30,0.06020453778,6.18E-48,0.05442989872,2.66E-43,0.04526671867,1.07E-35,-0.02141958683,0.01611590565,-0.03753549248
379,RUS2,10000,0.0174042017,5.75E-12,0.006897631325,0.001837769869,0.04617805033,2.71E-36,0.06910160731,1.23E-55,0.04053025039,5.65E-32,0.02877384862,0.06220397598,-0.03343012736
381,RUS4,10000,-0.005125526517,274413512.4,-0.002595947338,1507750.927,0.0303466549,8.19E-23,0.03975074291,8.50E-31,0.01287706567,6.54E-08,0.03547218142,0.04234669025,-0.00687450883
382,RUS5,10000,0.02688906321,4.69E-20,0.00781919863,0.0007775793109,0.06755487327,5.74E-54,0.1256427842,1.48E-100,0.0148297206,7.40E-10,0.04066581006,0.1178235856,-0.0771577755
383,RUS6,10000,-0.02643391212,6.07E+26,-0.01517992477,7.32E+16,0.1132964599,1.20E-90,0.08865156582,3.23E-71,0.02576135717,3.24E-19,0.139730372,0.1038314906,0.0358988814
384,RUS7,10000,0.003446432101,8.646499698,0.003577717345,5.374687672,0.04733689565,3.50E-37,0.0482157824,5.36E-38,0.01219884845,2.01E-07,0.04389046355,0.04463806505,-0.000747601503
385,RUS8,10000,-0.007715581893,51920030860,-0.0100289964,3736308889772,-0.004510935471,93140569.81,-0.006479944998,3403612097,-0.0009787479322,47002.05193,0.003204646422,0.003549051398,-0.0003444049757
386,RUS9,10000,0.01826577241,2.59E-13,0.02227814138,7.90E-17,0.08980058416,7.95E-73,0.04990518817,3.10E-40,0.01678463736,3.76E-12,0.07153481175,0.02762704679,0.04390776496
387,RWA1,10000,0.05111526602,1.27E-40,0.03145277965,2.03E-24,0.08722925782,5.52E-70,0.1124831717,2.31E-90,0.05829692896,1.00E-46,0.03611399181,0.08103039205,-0.04491640025
391,THA1,10000,0.04256694887,6.53E-33,0.0411363757,7.87E-32,0.02692783438,8.69E-20,0.0347062162,1.74E-26,0.03134376159,1.24E-23,-0.0156391145,-0.006430159503,-0.009208954995
392,THA11,10000,0.242516496,6.89E-185,0.1334721991,2.58E-105,0.04330700635,1.54E-33,0.02901308214,1.49E-21,0.03318722554,4.35E-25,-0.1992094897,-0.104459117,-0.09475037266
393,THA16,10000,0.002255490762,88.93255872,0.00208613725,63.51377803,0.02599237764,6.77E-19,0.03164020768,6.54E-24,0.03164020768,6.54E-24,0.02373688687,0.02955407043,-0.005817183553
394,THA19,10000,0.156422202,4.79E-123,0.1425856212,1.29E-112,0.02833731731,2.65E-21,0.02735119894,1.69E-20,0.032987701,2.83E-25,-0.1280848847,-0.1152344223,-0.01285046241
396,THA24,10000,0.1311504841,7.13E-104,0.09160265573,4.78E-73,0.04167740272,2.21E-32,0.03379317904,7.43E-26,0.03979991661,6.50E-31,-0.08947308142,-0.05780947669,-0.03166360473
399,THA28,10000,0.357647841,5.30E-262,0.3047136304,1.45E-227,0.03229662623,1.26E-24,0.03247695748,8.05E-25,0.04122710154,3.47E-32,-0.3253512147,-0.2722366729,-0.05311454185
402,THA33,10000,0.4675523828,0,0.5994679603,0,0.05579797169,5.19E-44,0.07452538929,1.99E-59,0.09612403239,8.48E-77,-0.4117544111,-0.524942571,0.1131881599
406,THA40,10000,1.029103694,0,0.3659190564,1.91E-267,0.06935574205,3.77E-55,0.06463579987,1.55E-51,0.07617284677,6.07E-61,-0.9597479515,-0.3012832565,-0.658464695
410,THA48,10000,0.7511671467,0,0.1929127267,3.30E-150,0.06880038072,8.23E-55,0.05926632411,4.20E-47,0.07643846373,3.85E-61,-0.6823667659,-0.1336464026,-0.5487203633
412,THA51,10000,0.0446841551,1.44E-34,0.08598800069,1.66E-68,0.0221468274,1.19E-15,0.04062499248,1.71E-31,0.04478756729,5.66E-35,-0.0225373277,-0.04536300822,0.02282568052
417,TUR1,10000,0.2050048676,4.51E-159,0.131828,1.30E-104,0.04268076528,1.38E-33,0.05180945346,5.04E-41,0.05947290765,2.32E-47,-0.1623241024,-0.08001854651,-0.08230555586
419,TUR11,10000,0.08976207568,1.46E-71,0.03676733874,1.81E-28,0.03765596122,5.18E-29,0.03420885896,2.68E-26,0.03706600488,1.05E-28,-0.05210611447,-0.002558479779,-0.04954763469
420,TUR2,10000,0.06916069882,1.88E-55,0.09047588558,1.19E-72,0.07184007432,1.01E-57,0.08768287083,1.36E-70,0.07139788457,2.03E-57,0.002679375506,-0.00279301475,0.005472390256
423,TUR22,10000,0.04303620604,5.20E-34,0.03332027658,9.74E-26,0.08481689247,4.08E-68,0.07491672584,3.82E-60,0.04838122174,2.67E-38,0.04178068643,0.04159644926,0.0001842371714
424,TUR23,10000,0.2418882136,3.69E-186,0.1496395417,3.12E-119,0.09914420428,5.66E-80,0.1305179326,8.77E-105,0.1179505585,5.50E-95,-0.1427440093,-0.01912160912,-0.1236224002
425,TUR24,10000,0.05119295489,3.29E-40,0.03943936355,1.40E-30,0.03242263794,1.59E-24,0.03981188083,6.63E-31,0.03775848757,3.56E-29,-0.01877031696,0.0003725172786,-0.01914283423
426,TUR25,10000,0.08524145995,1.65E-68,0.08076090563,3.32E-65,0.09008913264,2.67E-72,0.1005232394,6.51E-81,0.1001129977,1.33E-80,0.004847672686,0.01976233373,-0.01491466105
427,TUR26,10000,0.06052985631,1.06E-47,0.05140868519,2.09E-40,0.02941730267,7.01E-22,0.0423075056,6.52E-33,0.03783382909,3.74E-29,-0.03111255364,-0.009101179597,-0.02201137404
428,TUR27,10000,0.06117391526,5.97E-49,0.03903740623,1.07E-30,0.06357861033,7.21E-51,0.0651400129,2.60E-52,0.0508798658,1.55E-40,0.002404695065,0.02610260667,-0.0236979116
429,TUR28,10000,0.04316181021,7.65E-34,0.0373908993,1.43E-29,0.08499962718,4.16E-68,0.1224043841,3.11E-98,0.06817556357,5.89E-55,0.04183781698,0.08501348479,-0.04317566782
430,TUR29,10000,0.02566678635,5.22E-19,0.03166086703,2.51E-24,0.0548236623,1.81E-43,0.06568246672,1.18E-52,0.04101458342,3.39E-32,0.02915687595,0.03402159969,-0.004864723739
431,TUR3,10000,0.03683838832,4.08E-28,0.1120764426,2.47E-89,0.03057533909,7.28E-23,0.07796802128,2.40E-62,0.0782363163,1.46E-62,-0.006263049233,-0.03410842137,0.02784537213
432,TUR30,10000,0.03196468869,4.62E-24,0.02002806864,4.57E-14,0.02761765375,2.02E-20,0.02708387016,4.35E-20,0.02103532458,6.33E-15,-0.004347034939,0.007055801523,-0.01140283646
433,TUR31,10000,0.09340734785,7.54E-75,0.04517515131,1.01E-35,0.07208843147,7.51E-58,0.08098640298,3.38E-65,0.04427965246,5.48E-35,-0.02131891639,0.03581125166,-0.05713016805
434,TUR32,10000,-0.04577192837,2.35E+43,-0.0998522068,6.37E+93,0.09534286857,5.98E-77,0.08657590846,4.67E-70,0.07359903094,1.44E-59,0.1411147969,0.1864281153,-0.04531331832
435,TUR33,10000,0.09154610722,6.96E-73,0.05642469035,1.34E-44,0.03346066359,2.06E-25,0.02600372533,3.04E-19,0.03088168145,2.19E-23,-0.05808544363,-0.03042096502,-0.02766447861
436,TUR34,10000,0.007080020039,0.001364747195,0.02016356385,7.28E-15,0.08840277032,3.74E-71,0.07332350859,4.38E-59,0.04855379443,1.08E-38,0.08132275029,0.05315994474,0.02816280555
437,TUR35,10000,0.1347622818,1.29E-107,0.09372814667,1.84E-75,0.1229547669,1.49E-98,0.09615711557,1.75E-77,0.08280567012,9.28E-67,-0.0118075149,0.002428968896,-0.01423648379
439,TUR37,10000,0.02367329639,3.69E-17,0.03810050483,1.81E-29,0.04427460502,1.55E-34,0.04137469346,2.82E-32,0.03238939733,1.05E-24,0.02060130863,0.003274188629,0.01732712
440,TUR38,10000,0.04832492292,1.54E-38,0.04385906329,7.63E-35,0.09248726579,1.74E-74,0.1057271871,4.71E-85,0.06430531462,1.10E-51,0.04416234288,0.06186812384,-0.01770578096
441,TUR39,10000,0.05073014436,2.53E-40,0.07592601284,7.45E-61,0.1148152924,5.72E-92,0.08673163341,9.75E-70,0.06026209688,3.39E-48,0.064085148,0.01080562057,0.05327952743
442,TUR4,10000,0.03674540431,2.12E-28,0.05530395654,3.87E-44,0.05739285168,1.33E-45,0.06428930221,1.27E-51,0.04776764973,5.92E-38,0.02064744736,0.008985345673,0.01166210169
443,TUR40,10000,0.01195865376,6.99E-07,0.01538026687,6.90E-10,0.008976549986,0.0002598466324,0.01315502693,5.73E-08,0.0153714398,7.02E-10,-0.002982103772,-0.00222523994,-0.0007568638317
444,TUR41,10000,0.03142137329,1.38E-24,0.0256607186,1.05E-19,0.1097917702,2.20E-88,0.121949382,6.06E-98,0.05839354482,5.58E-47,0.07837039686,0.09628866338,-0.01791826652
445,TUR42,10000,0.08837729348,1.19E-70,0.07827718174,1.12E-62,0.06945535243,1.59E-55,0.0572868969,1.06E-45,0.05103861914,1.60E-40,-0.01892194105,-0.02099028484,0.002068343789
446,TUR43,10000,0.1171120157,5.74E-94,0.1207043152,3.25E-97,0.09557654157,5.99E-77,0.1506522515,3.49E-120,0.1346849853,5.65E-108,-0.0215354741,0.0299479363,-0.05148341041
447,TUR44,10000,0.07101396957,4.50E-57,0.04051767666,5.98E-32,0.09402644558,1.42E-75,0.07730465942,3.52E-62,0.06202071765,1.07E-49,0.02301247601,0.03678698276,-0.01377450675
448,TUR45,10000,0.0422187017,8.73E-33,0.05701778069,3.33E-45,0.03750937918,7.28E-29,0.04315542599,1.02E-33,0.04877053177,2.08E-38,-0.004709322521,-0.0138623547,0.009153032178
449,TUR46,10000,0.04823205305,1.17E-37,0.04060605618,1.60E-31,0.03508367192,1.06E-26,0.05682240888,5.05E-45,0.04382564209,3.29E-34,-0.01314838112,0.01621635271,-0.02936473383
450,TUR47,10000,0.0338948202,3.47E-26,0.03054863307,2.05E-23,0.08573303148,7.88E-69,0.07663394803,1.38E-61,0.04289348541,9.38E-34,0.05183821128,0.04608531496,0.005752896319
451,TUR48,10000,0.07731166514,1.93E-62,0.08448219035,3.75E-68,0.08567088587,3.73E-69,0.0893387407,4.95E-72,0.08833296086,3.15E-71,0.008359220726,0.004856550349,0.003502670377
452,TUR49,10000,0.04628915323,2.59E-36,0.06811453638,1.12E-54,0.05785441918,6.49E-46,0.08115076997,2.59E-65,0.06507044806,3.34E-52,0.01156526595,0.01303623359,-0.001470967642
453,TUR5,10000,0.051115547,4.94E-40,0.04358747023,6.26E-34,0.0328252877,8.37E-25,0.03861029489,7.81E-30,0.0324145042,1.33E-24,-0.0182902593,-0.004977175345,-0.01331308396
454,TUR50,10000,0.03020566284,1.27E-22,0.01783857163,3.40E-12,0.02938208687,6.26E-22,0.03156689859,7.01E-24,0.02206236454,8.64E-16,-0.0008235759706,0.01372832696,-0.01455190294
455,TUR51,10000,0.03782387721,5.98E-29,0.03524701634,6.45E-27,0.02376179482,4.30E-17,0.03901282116,4.42E-30,0.03685108667,2.93E-28,-0.0140620824,0.003765804823,-0.01782788722
456,TUR52,10000,0.04021156528,6.28E-32,0.04702725351,3.61E-38,0.1209699547,5.07E-97,0.2399134946,1.13E-185,0.1009832739,8.49E-82,0.08075838937,0.1928862411,-0.1121278517
457,TUR53,10000,0.05220216924,2.59E-41,0.04238351176,4.82E-33,0.07143850794,4.05E-57,0.04662497096,1.24E-36,0.03772001293,3.73E-29,0.0192363387,0.004241459201,0.0149948795
458,TUR54,10000,0.05121737659,2.64E-41,0.02166022209,2.47E-16,0.1447417546,1.23E-115,0.1249392297,2.61E-100,0.05543254678,1.44E-44,0.09352437802,0.1032790076,-0.009754629594
459,TUR55,10000,0.05623928102,7.71E-45,0.0331210451,1.45E-25,0.06430084717,1.81E-51,0.04630890811,1.25E-36,0.03723344082,5.12E-29,0.008061566147,0.01318786301,-0.005126296864
460,TUR56,10000,0.04469288634,3.11E-35,0.02931264965,9.65E-23,0.07803842316,1.17E-62,0.1137616121,1.78E-91,0.06087965211,5.80E-49,0.03334553682,0.08444896244,-0.05110342563
461,TUR57,10000,0.02673092863,5.17E-20,0.06867473493,1.85E-55,0.06530603933,3.70E-52,0.1046076211,2.66E-84,0.07950237423,3.26E-64,0.0385751107,0.03593288619,0.002642224516
462,TUR58,10000,0.2003013785,2.14E-156,0.1034338513,3.00E-83,0.1087674471,2.81E-87,0.1272086438,5.83E-102,0.09502238239,1.29E-76,-0.09153393144,0.02377479249,-0.1153087239
463,TUR59,10000,0.02729565779,2.73E-20,0.03579545475,1.51E-27,0.06774085329,5.85E-54,0.07690551378,1.66E-61,0.04740745014,3.16E-37,0.0404451955,0.04111005904,-0.0006648635394
464,TUR6,10000,0.1507407099,3.45E-119,0.09404580815,2.60E-75,0.05758520215,3.80E-46,0.05347064779,1.29E-42,0.04965747007,1.90E-39,-0.09315550778,-0.04057516036,-0.05258034742
465,TUR60,10000,0.03556847712,1.22E-27,0.02988598574,2.02E-23,0.09341820941,4.63E-75,0.121142789,1.76E-97,0.05616293721,2.66E-45,0.05784973228,0.09125680329,-0.033407071
468,TUR8,10000,0.09276584763,1.03E-74,0.0959470404,4.40E-78,0.1124803933,1.75E-90,0.2228839126,9.47E-174,0.1256956583,2.12E-101,0.01971454565,0.1269368722,-0.1072223265
470,TZA1,10000,0.01794080383,5.62E-12,0.0367708713,2.48E-28,0.01859650215,1.39E-12,0.06035119498,6.04E-48,0.04464074875,6.67E-35,0.0006556983189,0.02358032368,-0.02292462536
471,TZA2,10000,0.0125599974,2.26E-07,0.03928011908,1.87E-30,0.02074495974,2.03E-14,0.07130591963,6.06E-57,0.04668863195,1.26E-36,0.008184962335,0.03202580055,-0.02384083821
472,TZA3,10000,0.01054974714,1.15E-05,0.03027891613,7.34E-23,0.02661119108,1.96E-19,0.08336513523,1.04E-66,0.0432612798,9.83E-34,0.01606144395,0.05308621911,-0.03702477516
473,TZA4,10000,0.1154126991,2.27E-92,0.08030654473,1.50E-64,0.06112946124,3.48E-49,0.03456928195,4.86E-27,0.03647069049,1.24E-28,-0.05428323782,-0.04573726278,-0.008545975034
479,URY11,10000,0.01725827896,1.67E-11,0.01309311304,4.63E-08,0.02839763973,5.31E-21,0.03337533832,2.37E-25,0.01930439577,2.28E-13,0.01113936076,0.02028222528,-0.009142864515
482,URY4,10000,0.5792682927,0,-0.2506527415,8.19E+252,0.02816106006,3.52E-21,0.04189815481,3.85E-33,0.03831412987,3.92E-30,-0.5511072326,0.2925508963,-0.843658129
483,URY5,10000,0.4083521869,3.75E-294,1.845621369,0,0.04536756148,6.48E-36,0.08030948458,5.41E-65,0.09992402735,1.07E-80,-0.3629846254,-1.765311884,1.402327259
485,URY8,10000,0.001948415094,306.1522565,0.005306678062,0.2697561198,0.0164588699,8.45E-11,0.01615045463,1.12E-10,0.005637280151,0.1391104414,0.01451045481,0.01084377656,0.003666678241
486,URY9,10000,0.002932374669,37.93375006,0.005010541806,0.4527730982,0.01891284144,5.91E-13,0.02168863942,1.88E-15,0.006856447579,0.01148755797,0.01598046677,0.01667809761,-0.0006976308402
487,VNM1,10000,0.1179616748,8.07E-94,0.1174441275,1.82E-93,0.04164511205,2.80E-32,0.03330631102,2.21E-25,0.06372950639,9.93E-51,-0.07631656278,-0.08413781652,0.007821253739
488,VNM10,10000,0.07658243177,9.18E-61,0.08297352061,4.88E-66,0.03127796506,1.99E-23,0.03661773422,4.95E-28,0.04754130258,3.48E-37,-0.04530446671,-0.04635578639,0.001051319681
489,VNM105,10000,0.1088629159,5.63E-87,0.1011988239,4.31E-81,0.06113791371,1.03E-48,0.04639468966,1.06E-36,0.06570277813,1.17E-52,-0.04772500223,-0.05480413425,0.007079132026
490,VNM11,10000,0.0884323695,9.93E-71,0.07172460361,3.29E-57,0.04763866602,1.56E-37,0.04400277077,1.90E-34,0.05015697625,1.44E-39,-0.04079370348,-0.02772183284,-0.01307187064
491,VNM117,10000,0.1348046251,5.11E-107,0.1142472807,3.81E-91,0.0466135871,1.28E-36,0.0473357504,2.56E-37,0.06682176127,2.04E-53,-0.08819103802,-0.06691153034,-0.02127950769
492,VNM118,10000,0.1079824954,2.30E-86,0.09419367532,1.73E-75,0.04077840267,6.32E-32,0.03599422993,6.35E-28,0.06102075631,9.05E-49,-0.06720409275,-0.05819944539,-0.009004647358
493,VNM129,10000,0.1278692471,1.23E-101,0.1292498363,9.50E-103,0.03337063314,1.44E-25,0.03589485763,9.82E-28,0.06513398385,4.81E-52,-0.09449861399,-0.09335497863,-0.00114363536
494,VNM131,10000,0.1080137325,2.16E-86,0.140843542,9.49E-112,0.05836222467,1.34E-46,0.03697914707,7.67E-29,0.05971274682,8.88E-48,-0.04965150782,-0.103864395,0.05421288714
498,VNM148,10000,0.2631119353,2.51E-200,0.5541081083,0,0.08952829664,5.13E-72,0.11173541,9.32E-90,0.1345819731,1.64E-107,-0.1735836387,-0.4423726983,0.2687890597
501,VNM154,10000,0.1982817686,1.09E-154,0.1531207829,3.15E-121,0.05288576528,3.38E-42,0.04385115492,1.18E-34,0.08096801039,3.59E-65,-0.1453960033,-0.109269628,-0.03612637535
502,VNM158,10000,0.1997206711,5.93E-156,0.1306184654,4.07E-104,0.1046505672,3.62E-84,0.06928024371,1.23E-55,0.08735250923,2.92E-70,-0.09507010393,-0.06133822172,-0.03373188221
503,VNM162,10000,0.154573494,1.48E-121,0.2195789281,2.75E-169,0.0448043522,8.32E-35,0.06194413061,3.62E-49,0.08036210064,3.54E-64,-0.1097691417,-0.1576347974,0.0478656557
505,VNM165,10000,0.1735486411,1.15E-135,0.1664405324,1.11E-130,0.03974003474,1.47E-30,0.05728198141,2.76E-45,0.07995167531,8.31E-64,-0.1338086063,-0.109158551,-0.02465005537
506,VNM166,10000,0.3287024341,6.61E-244,0.2944011486,3.12E-221,0.09580674821,1.29E-76,0.08612319742,5.44E-69,0.1141001247,3.41E-91,-0.2328956859,-0.2082779511,-0.02461773472
507,VNM167,10000,0.3817931289,6.88E-278,0.3251735808,1.27E-241,0.09322030516,1.43E-74,0.0859304414,7.51E-69,0.1166144343,3.54E-93,-0.2885728238,-0.2392431394,-0.04932968439
508,VNM168,10000,0.5231865438,0,0.3581611814,5.63E-263,0.08788689518,2.58E-70,0.08282104256,2.38E-66,0.1208720398,1.67E-96,-0.4352996486,-0.2753401389,-0.1599595097
512,VNM2,10000,0.08410577622,2.49E-67,0.1035056199,1.14E-82,0.06861171445,7.71E-55,0.05265204715,1.25E-41,0.07257807896,5.33E-58,-0.01549406178,-0.05085357275,0.03535951097
515,VNM22,10000,0.164216823,3.50E-129,0.1090009452,6.84E-87,0.05875828255,1.49E-46,0.04957160624,5.47E-39,0.07155822818,4.38E-57,-0.1054585405,-0.05942933893,-0.04602920153
516,VNM222,10000,0.188413438,1.29E-147,0.1638387899,2.06E-129,0.1084585806,4.60E-87,0.08802167482,6.70E-71,0.1052255074,1.34E-84,-0.07995485743,-0.07581711503,-0.004137742399
518,VNM23,10000,0.1980637912,1.15E-153,0.1136894187,3.00E-90,0.03702071103,2.63E-28,0.03803905721,3.41E-29,0.04966799333,6.41E-39,-0.1610430802,-0.07565036152,-0.08539271866
519,VNM231,10000,0.7251059012,0,0.2879857072,3.91E-217,0.06407451791,1.14E-51,0.07469837491,4.40E-60,0.09786556088,1.06E-78,-0.6610313833,-0.2132873323,-0.447744051
520,VNM24,10000,0.09544401017,1.38E-75,0.1829212671,2.09E-142,0.009807054034,6.31E-05,0.0253360726,2.50E-18,0.04782681669,2.84E-37,-0.08563695614,-0.1575851945,0.07194823838
521,VNM25,10000,0.185123642,1.87E-144,0.1598461363,1.15E-125,0.02639805624,2.22E-19,0.0232301715,1.10E-16,0.06922766203,4.36E-55,-0.1587255858,-0.1366159648,-0.02210962093
522,VNM255,10000,0.5080874407,0,0.1643540491,4.49E-130,0.07161699324,9.78E-58,0.1156930049,5.82E-93,0.1310294823,6.95E-105,-0.4364704474,-0.04866104423,-0.3878094032
523,VNM258,10000,0.1582969691,5.37E-125,0.2329936609,5.09E-180,0.04121264125,2.14E-32,0.1171165305,1.95E-94,0.1244955542,3.54E-100,-0.1170843278,-0.1158771304,-0.001207197409
524,VNM26,10000,0.1370690578,3.95E-108,0.09753229423,1.55E-77,0.02580617367,1.01E-18,0.03440214187,4.16E-26,0.04488979959,6.48E-35,-0.1112628841,-0.06313015236,-0.04813273173
525,VNM28,10000,0.1931906631,1.56E-150,0.1541512657,8.98E-122,0.06345263478,1.81E-50,0.06394403655,6.04E-51,0.09462555761,9.08E-76,-0.1297380283,-0.09020722918,-0.0395307991
526,VNM281,10000,0.08537386482,1.81E-68,0.08634183677,2.06E-69,0.01275681118,2.56E-08,0.04940288491,1.68E-39,0.03954615688,3.21E-31,-0.07261705364,-0.03693895186,-0.03567810178
527,VNM287,10000,0.1177054846,2.89E-94,0.2637555861,2.43E-201,0.07091415252,6.72E-57,0.0947185329,2.29E-76,0.1530168996,1.14E-121,-0.04679133212,-0.1690370532,0.122245721
528,VNM3,10000,0.0866099514,5.40E-69,0.05689645905,7.01E-45,0.0475620278,3.76E-37,0.03636635386,8.36E-28,0.04421704397,2.15E-34,-0.0390479236,-0.02053010519,-0.0185178184
531,VNM325,10000,0.1105818513,2.20E-88,0.2212531375,9.98E-171,0.06305710077,2.63E-50,0.05946732234,1.93E-47,0.07708105147,7.78E-62,-0.04752475049,-0.1617858151,0.1142610646
532,VNM326,10000,0.1551372053,1.50E-122,0.1270766559,3.61E-101,0.0410274171,4.63E-32,0.03354920334,8.00E-26,0.06732578341,6.56E-54,-0.1141097882,-0.09352745255,-0.02058233566
534,VNM342,10000,0.1739154645,1.74E-136,0.1825899069,6.24E-143,0.1090223229,4.54E-87,0.1036401495,6.74E-83,0.1238546865,9.91E-99,-0.06489314153,-0.07894975741,0.01405661588
535,VNM36,10000,0.1656744627,3.37E-130,0.1735334862,2.99E-136,0.04898654936,1.57E-38,0.06541556801,2.87E-52,0.09231577628,4.84E-74,-0.1166879133,-0.1081179182,-0.008569995091
536,VNM37,10000,0.1684742879,1.92E-132,0.1246949334,2.44E-99,0.04643708576,1.77E-36,0.04739200376,2.12E-37,0.07599233496,6.27E-61,-0.1220372022,-0.07730292967,-0.0447342725
537,VNM373,10000,0.09328888626,7.93E-75,0.1106330854,1.97E-88,0.05719918479,1.13E-45,0.03745217362,3.35E-29,0.05700633941,1.71E-45,-0.03608970146,-0.07318091173,0.03709121027
538,VNM379,10000,0.181990639,3.21E-142,0.2120131788,6.51E-164,0.05145789159,1.56E-40,0.04470033032,5.93E-35,0.07259428583,5.84E-58,-0.1305327474,-0.1673128485,0.03678010105
539,VNM38,10000,0.1468640566,5.36E-116,0.2048657682,3.39E-159,0.050713152,7.31E-40,0.06116553751,1.04E-48,0.1161629555,7.56E-93,-0.09615090458,-0.1437002307,0.04754932608
540,VNM381,10000,0.1803794375,1.32E-140,0.1747258707,1.11E-136,0.01873044478,1.11E-12,0.03431300784,4.88E-26,0.07370572217,1.11E-58,-0.1616489927,-0.1404128629,-0.02123612984
541,VNM382,10000,0.2870860139,1.90E-216,0.2303691838,2.54E-177,0.05358097098,2.54E-42,0.06763754041,5.48E-54,0.1177402077,4.89E-94,-0.233505043,-0.1627316434,-0.07077339954
542,VNM383,10000,0.2819878383,5.09E-213,0.2220187345,2.17E-171,0.05571384602,4.24E-44,0.06713696023,1.48E-53,0.1166310867,3.77E-93,-0.2262739923,-0.1548817743,-0.07139221805
543,VNM385,10000,0.183798543,1.09E-143,0.196572616,6.77E-153,0.05264204935,1.81E-41,0.04744301486,3.78E-37,0.09687948903,2.00E-77,-0.1311564936,-0.1491296012,0.01797310755
544,VNM39,10000,0.2220580131,1.61E-171,0.2149934133,2.89E-166,0.07496557817,4.12E-60,0.05677955153,3.05E-45,0.07443244128,1.05E-59,-0.147092435,-0.1582138618,0.01112142683
545,VNM390,10000,0.2438157673,9.39E-187,0.1939038758,3.28E-151,0.05127165109,2.21E-40,0.06268689543,6.71E-50,0.1162093408,8.05E-93,-0.1925441162,-0.1312169804,-0.06132713581
546,VNM404,10000,0.2069133951,1.30E-160,0.2232258968,2.63E-172,0.03372699544,7.48E-26,0.03591680437,8.89E-28,0.0981725067,9.45E-79,-0.1731863997,-0.1873090924,0.01412269274
547,VNM408,10000,0.1971691214,3.59E-153,0.1851066538,1.91E-144,0.02677588371,1.44E-19,0.03318131523,4.30E-25,0.09136314473,6.08E-73,-0.1703932377,-0.1519253385,-0.01846789914
548,VNM412,10000,0.1873463946,3.63E-146,0.1724491267,3.19E-135,0.03221129438,3.27E-24,0.03500422163,1.13E-26,0.09828632682,1.64E-78,-0.1551351003,-0.1374449051,-0.01769019518
549,VNM414,10000,0.3393960782,3.64E-251,0.2869940879,1.86E-216,0.08364866441,6.68E-67,0.0679711814,2.74E-54,0.1330564489,5.91E-106,-0.2557474138,-0.2190229065,-0.03672450731
550,VNM420,10000,0.1990805359,4.37E-154,0.1269143585,2.63E-100,0.02444374929,1.72E-17,0.02850391213,5.34E-21,0.0401215944,8.36E-31,-0.1746367866,-0.09841044637,-0.07622634019
551,VNM421,10000,0.2288480828,2.50E-175,0.1414706727,1.98E-111,0.01449586927,5.71E-09,0.02198404846,1.86E-15,0.04031498084,5.61E-31,-0.2143522136,-0.1194866242,-0.09486558938
552,VNM424,10000,0.18090796,6.56E-141,0.1694307095,1.39E-132,0.005128160926,0.6896938343,0.01811681777,3.63E-12,0.05915445487,1.12E-46,-0.1757797991,-0.1513138918,-0.02446590731
553,VNM427,10000,0.2313112394,4.80E-178,0.1999991937,1.34E-155,0.0396540143,1.04E-30,0.03538771858,4.10E-27,0.1162193531,8.77E-93,-0.1916572251,-0.1646114751,-0.02704575001
554,VNM430,10000,0.1977811794,2.66E-153,0.1544815884,2.84E-121,0.02964718602,6.10E-22,0.026411144,3.14E-19,0.0430065313,3.12E-33,-0.1681339934,-0.1280704444,-0.040063549
555,VNM431,10000,0.2374940582,2.56E-182,0.1954664487,3.59E-152,0.06012576926,1.36E-47,0.02644299562,1.79E-19,0.1025639744,5.76E-82,-0.1773682889,-0.169023453,-0.008344835875
556,VNM432,10000,0.1304416889,2.56E-103,0.3290193608,5.08E-244,0.03651066573,4.93E-28,0.05075777762,3.73E-40,0.08362897276,4.78E-67,-0.09393102318,-0.2782615832,0.18433056
563,VNM470,10000,0.1640241569,9.52E-130,0.5052046891,0,0.06974713492,4.91E-56,0.09338236028,2.34E-75,0.1818082168,2.88E-143,-0.094277022,-0.4118223288,0.3175453068
565,VNM494,10000,0.1596786811,7.21E-126,0.2023721824,3.55E-157,0.07578482223,1.43E-60,0.06485549463,1.18E-51,0.09781739695,2.84E-78,-0.08389385889,-0.1375166878,0.05362282887
566,VNM5,10000,0.1018805522,2.57E-81,0.126506297,1.35E-100,0.05021051933,1.51E-39,0.05624369612,1.26E-44,0.07390234384,4.21E-59,-0.05167003285,-0.07026260092,0.01859256807
568,VNM63,10000,0.1366647311,2.26E-108,0.124083308,8.36E-99,0.03723206945,9.01E-29,0.03729905728,6.05E-29,0.06580505514,1.27E-52,-0.09943266163,-0.08678425075,-0.01264841089
569,VNM64,10000,0.1185556681,2.14E-94,0.10707703,1.76E-85,0.05189107863,5.40E-41,0.04230137229,4.75E-33,0.06496586052,7.85E-52,-0.06666458944,-0.06477565769,-0.001888931742
570,VNM67,10000,0.0827294632,2.28E-66,0.09153744476,2.06E-73,0.02099996664,2.44E-15,0.03151042542,3.23E-24,0.05377833935,7.33E-43,-0.06172949656,-0.06002701933,-0.001702477228
571,VNM69,10000,0.1387473674,7.20E-110,0.1401848813,6.44E-111,0.05601103293,2.54E-44,0.04471668694,5.83E-35,0.066279874,8.43E-53,-0.08273633446,-0.09546819434,0.01273185988
572,VNM8,10000,0.1270198185,3.26E-101,0.1305977208,6.39E-104,0.0649766742,4.92E-52,0.05759757907,5.60E-46,0.07045774263,1.57E-56,-0.06204314429,-0.07300014172,0.01095699743
573,VNM85,10000,0.1124266719,9.27E-90,0.1011193547,6.80E-81,0.01552136506,2.13E-10,0.01308026058,2.18E-08,0.04855803856,1.86E-38,-0.09690530684,-0.08803909416,-0.008866212684
574,VNM86,10000,0.1086216527,1.02E-86,0.08952500955,8.36E-72,0.01684731171,1.85E-11,0.01183081666,2.20E-07,0.05016811772,7.12E-40,-0.09177434095,-0.07769419289,-0.01408014806
575,VNM88,10000,-0.2305475504,1.66E+230,-0.1319113107,8.55E+125,0.05542781639,7.10E-44,0.04752502742,2.26E-37,0.04693536272,7.00E-37,0.2859753668,0.1794363381,0.1065390287
576,VNM89,10000,0.1009353835,9.94E-81,0.07104964847,9.64E-57,0.09675575076,1.65E-77,0.05501485081,1.10E-43,0.0536950206,1.45E-42,-0.004179632733,-0.01603479766,0.01185516493
577,VNM92,10000,0.07015164431,3.60E-56,0.05661571904,5.50E-45,0.07800008166,2.07E-62,0.04494880303,2.86E-35,0.05404733166,7.69E-43,0.007848437352,-0.01166691601,0.01951535336
578,VNM95,10000,0.1439410811,3.64E-114,0.1195077466,2.13E-95,0.0416485407,1.26E-32,0.05198002034,3.02E-41,0.08205424631,7.13E-66,-0.1022925404,-0.06752772628,-0.03476481407
579,VNM97,10000,0.1064855018,5.25E-85,0.1042348275,2.55E-83,0.06118425159,1.21E-48,0.05732934333,1.48E-45,0.07446125286,1.36E-59,-0.04530125024,-0.04690548415,0.001604233907
580,VNM98,10000,0.1129573886,3.90E-90,0.1100633939,5.12E-88,0.06323251806,2.15E-50,0.04810585817,4.48E-38,0.06948146946,1.06E-55,-0.04972487051,-0.06195753574,0.01223266523
581,ZAF1,10000,0.03339582503,1.21E-25,0.03855804614,6.29E-30,0.05762918101,8.83E-46,0.01870537907,3.37E-13,0.0190214705,1.81E-13,0.02423335597,-0.01985266707,0.04408602305
582,ZAF2,10000,0.01450959475,2.09E-09,0.01646034911,3.04E-11,0.02248583325,3.07E-16,0.02196908426,5.42E-16,0.01383934516,5.18E-09,0.007976238501,0.005508735156,0.002467503345
583,ZWE1,10000,0.0129882856,3.11E-08,0.002102274424,82.81761714,0.0362930103,3.94E-28,0.001909392921,132.6242325,0.003989543093,1.922712283,0.0233047247,-0.0001928815034,0.0234976062